{"initialNodes":[{"width":146,"height":41,"id":"2","type":"textUpdater","position":{"x":674.2543884649294,"y":427.44118196703596},"data":{"label":"sdfsdfsfsdf"},"selected":true,"positionAbsolute":{"x":674.2543884649294,"y":427.44118196703596},"dragging":false},{"width":146,"height":41,"id":"1","type":"textUpdater","position":{"x":667.9379035980126,"y":286.8940835773567},"data":{"label":""},"selected":false,"positionAbsolute":{"x":667.9379035980126,"y":286.8940835773567},"dragging":false},{"width":146,"height":41,"id":"0","type":"textUpdater","position":{"x":660.770231393036,"y":140.5383989506064},"data":{"label":""},"selected":false,"positionAbsolute":{"x":660.770231393036,"y":140.5383989506064},"dragging":false}],"initialEdges":[]}